{"cameraMode":{"drawMode":0,"name":"Shaded","section":"Shading Mode"},"sceneLighting":true,"audioPlay":false,"sceneViewState":{"m_AlwaysRefresh":false,"showFog":true,"showSkybox":true,"showFlares":true,"showImageEffects":true,"showParticleSystems":true,"showVisualEffectGraphs":true,"m_FxEnabled":true},"in2DMode":false,"pivot":{"x":-9.333247184753418,"y":6.562413692474365,"z":53.3387451171875},"rotation":{"x":0.08418017625808716,"y":0.026896581053733827,"z":-0.002269978169351816,"w":0.9960983991622925},"size":23.544458389282228,"orthographic":false}